NT3050 1P;359,00;10;39,90
ARNO CLASSIC;119,00;6;19,90
ARNO PREFERITA;139,00;10;15,90
VENTISOL CLI45;1.399,00;10;149,90
WAVES 6B;1.099,00;10;129,90
DREAM 5B;1.499,00;12;149,90
ARNO OF32B5B2;399,00;8;53,62
ARNO OF32B8B2;399,00;8;53,62
ARNO EY2015B2;299,00;8;40,36
WAP WF700K10;199,00;10;23,90
ARNO SW3315B1;129,00;10;14,90
ANTENA VIVENSIS;259,00;10;28,90
ARNO ML81;499,00;10;55,90
ARNO LN64;239,00;10;25,90
ARNO LN50;199,00;10;22,90
ARNO LN54;229,00;10;24,90
ARNO LQ31;149,00;10;15,90
MONDIAL L99;114,90;10;13,90
CONSUL CRM44A;3.199,00;12;299,90
TUBOARTE TURMALINA;699,00;10;69,90
ARNO SM210884;109,99;12;10,99
ARNO SM212D84;129,00;10;14,90
ARNO VDM2;299,00;10;33,90
ARNO VB4C;349,00;10;39,90
ARNO VD52;369,00;10;39,90
ARNO VFC4;299,00;10;33,90
ARNO TS55;179,00;10;19,90
ARNO VB40;229,00;10;26,90
ARNO VD40;199,00;10;23,90
ARNO VF40;179,00;10;19,90
ARNO VF48;199,00;10;22,90
ARNO VF49;199,00;10;23,90
ARNO VU40;199,00;10;23,90
WAP FLOW TURBO;239,00;10;25,90
CLIMATIZADOR CLI70;1.499,00;10;169,90
ATLAS MILAO 4B;559,00;12;59,90
ITATIAIA PAMID2001;189,00;5;39,00
